nl_pct,mfcc_pct,cov_pct,auroc
2.6160535678846895,23.25978339945954,72.67206374604723,0.4927536231884058
1.217996123786719,18.782787148731384,78.60836026151571,0.605072463768116
2.8545115909046785,18.739355059480417,77.43132827550781,0.6123188405797101
3.21499268761056,18.514233814456933,76.69745479021876,0.5253623188405798
4.222381545960988,16.37189154023244,78.90740849347837,0.5833333333333333
1.349758457307505,26.479691375586167,70.60494353872001,0.657608695652174
3.8828131898162734,17.257835286191572,77.38066018651584,0.5181159420289855
1.1026008423410667,16.251637662057036,81.16758952948967,0.6141304347826086
1.6936299628507128,20.20485400233833,76.73226765523108,0.6141304347826088
3.249547965983364,21.341980616927838,74.30771224259247,0.5271739130434783
2.125768126387049,28.759259319083714,65.6902683882227,0.4909420289855072
5.497679451386203,18.07172463081472,71.3258885065077,0.5253623188405798
2.1801524642569676,21.039562355892805,75.99561582065552,0.5869565217391305
2.574468778719513,14.900758058740779,81.75419699599325,0.6213768115942029
2.5447610831115424,16.601523794065027,80.16266218552866,0.5543478260869565
4.63577962080568,21.196420825499303,72.18619590999137,0.3949275362318841
2.734348589708112,14.36042001807221,81.3136226805085,0.4184782608695652
4.00383750080385,19.88836473386255,74.46236270544891,0.588768115942029
1.7166743319529036,20.352219279026315,72.17489465110698,0.5108695652173914
4.9513634569679725,15.718944767434879,76.65421909443037,0.5036231884057971
0.9342647007047294,21.646492629775636,75.51782014077375,0.6304347826086957
1.856352240680756,25.173134429291938,67.99720555201486,0.3967391304347826
3.2628229281029104,22.906065415764527,72.19044706250524,0.5942028985507246
1.835443116469354,16.167085926176366,74.1152083358714,0.5543478260869565
1.428077129005224,28.034485990918867,68.87517330698614,0.47644927536231885
1.004922535729618,28.33803128426991,68.47977773529813,0.6358695652173914
1.4514461874024447,14.41993921404919,83.25255803833339,0.45471014492753625
3.2609588366385474,16.803176788409527,78.99110441249202,0.572463768115942
4.0860272012790615,13.03867733457555,80.82748228851119,0.605072463768116
2.6042218712074674,19.072632800081834,74.88426676957855,0.43478260869565216
3.5786689170106607,17.721995302842426,76.19514583746069,0.39673913043478265
1.8471828861316602,16.099210232479606,80.80785166126167,0.5072463768115941
2.824665128671594,15.197265249998617,79.69786658421619,0.5778985507246376
2.6892172008408046,16.747504708871933,75.36541104641958,0.6213768115942029
3.6023672754130023,14.98475209352898,77.4713216458854,0.47282608695652173
2.6122086870644474,20.657290563524935,72.85619012967044,0.6032608695652174
2.554715628963445,17.099053440701777,77.63705090581394,0.483695652173913
1.7252001456537231,16.0337482025621,80.7444074885009,0.6340579710144928
3.102166116876704,25.81257032882939,68.92586425196366,0.47101449275362317
2.194750431803001,14.56492278652622,81.87203001888761,0.6304347826086956
4.461539905161986,20.722863446474037,73.64814584657182,0.5271739130434783
3.133514021735526,36.527680935851876,59.150737630629614,0.5507246376811594
2.9436835529206684,17.507374282158494,76.25572446267712,0.4329710144927536
2.339688437854288,19.041741176860715,76.15918511956534,0.47101449275362317
2.043034675484085,20.749158285124558,75.48845252566916,0.6231884057971014
3.0252959864487354,15.047128163049189,79.27452208888676,0.4710144927536232
1.6518533750272062,26.650150348287077,70.33483960830334,0.5742753623188406
1.9653520212114146,18.13994468388655,76.1626302301625,0.6032608695652174
2.7095616302000427,20.747095442736583,74.49799556161963,0.5905797101449275
1.2698532950414292,18.321778903759235,78.62989030302809,0.4221014492753623
1.8535020686155355,18.204547499584812,78.12639347227243,0.447463768115942
4.713083000027309,16.000980888633944,75.98654892056732,0.5579710144927537
3.143478473909056,21.036601077086523,73.88402467826668,0.5543478260869565
1.6381120494690533,12.743332491733469,83.98974541386063,0.7028985507246377
1.2267861790245163,21.308997943939232,75.83191467876155,0.5869565217391304
1.9555517309967532,32.8584946395546,63.49605060653094,0.6231884057971014
2.7988085646833003,17.396614069051047,77.86306838356975,0.6594202898550724
1.098542417992794,21.22631311963598,75.71840606207692,0.5996376811594203
2.0676654739656235,20.572619037855485,76.21199726836599,0.608695652173913
1.4247602591159996,20.152093113132487,75.41343154168587,0.5905797101449276
2.176369814849105,15.076088693212593,79.82799103327982,0.6268115942028986
2.768920446903406,20.321056082686205,73.08344381398663,0.5036231884057971
1.0460104940903632,21.66140767435925,75.88993031913415,0.5996376811594203
2.2194791635795728,13.163571889104858,82.99768165715867,0.3768115942028985
3.3013577075210896,23.858156510816354,71.45493531855172,0.6358695652173914
3.9639377881125903,20.60706872748273,71.86627301788047,0.588768115942029
3.3026480978671517,16.45309452329006,78.14117483311183,0.5960144927536232
3.559135445209022,18.62914290696899,76.47492249300115,0.6394927536231884
3.1179530674222913,12.467325751036164,83.34109656664945,0.5434782608695653
2.881506371035555,16.55667744113625,75.52984734683645,0.4094202898550725
2.2797064141373866,17.035280653009917,78.68664665872451,0.592391304347826
3.284522408089643,15.2786945272393,80.36387418472934,0.6630434782608696
2.021822128554868,25.43709628057006,68.9547163584131,0.661231884057971
2.11553720664783,23.759352055290577,70.5662960762917,0.5615942028985508
2.034466300855849,26.80299235087616,66.7564264474364,0.5344202898550725
4.976131812881752,23.97791739914544,69.57227695247445,0.5434782608695652
4.791226520153273,13.682680446298463,80.369317026592,0.4836956521739131
1.1820888265617886,17.560108648395346,79.41381815313481,0.5144927536231884
1.603678626725645,24.509291799339337,72.96121669064848,0.556159420289855
1.3343893997410363,21.481641278908008,74.40886327213305,0.45289855072463764
2.350462928667395,27.149412922475125,68.88582355217301,0.5
2.152304162672963,18.078150519123877,78.56346749010768,0.41847826086956524
4.400381902162044,17.12724339847939,77.21984457835687,0.6721014492753623
5.545532520424419,11.905965167151331,78.21199013761067,0.5833333333333333
2.261346933078118,17.835307582851346,79.20292232734923,0.5090579710144928
1.4482046223084586,21.805140780596837,75.5938905904008,0.47282608695652173
2.024641552440556,18.351045961132385,76.32072701579185,0.4710144927536232
1.1007792581424531,17.677599787822032,80.36039236167441,0.605072463768116
2.9415996599356737,19.218158105340535,74.7117434542506,0.5452898550724637
3.5613878756301682,13.785843320435184,81.55115539864384,0.48188405797101447
1.9159940728975182,18.554592733488743,77.90059580530234,0.45652173913043487
1.3178916562609482,27.437642944138734,69.75698185471735,0.5126811594202898
2.367267831598085,12.03111780070508,83.02056709774477,0.5144927536231885
1.695750095272556,19.729557717038652,75.99872072623562,0.5072463768115942
2.0767337800514674,16.267396912878176,79.46561614866381,0.588768115942029
2.672828708591097,16.170310205865892,76.19128206062594,0.6612318840579711
3.40039445613466,14.64875502528186,78.28012913715143,0.5797101449275363
2.288320647898216,20.376162899606566,76.08875688080323,0.5851449275362319
6.498332383036047,19.742993272650857,70.5843623500177,0.532608695652174
4.134442266932678,18.05409350557715,74.76881940484019,0.5235507246376812
2.9273859824367405,16.53804272351047,79.72795629860376,0.6195652173913044
1.4144740262907298,14.234411251077375,82.53843132036224,0.6141304347826086
1.7786542268693348,25.488909018590427,71.50336297255745,0.46920289855072467
3.3639417111523655,25.612245492819202,69.57888415692919,0.5815217391304348
2.7592985610680953,20.423430227437812,75.60954675170541,0.6557971014492753
5.2453760637455975,17.493348919801875,75.89865013388865,0.6268115942028986
2.9353799111609664,15.51199452941883,79.58268691510945,0.463768115942029
2.8024724817995126,14.809845607590436,77.82934922710217,0.5869565217391304
2.2465476600654624,20.643762494327543,75.91363971008806,0.4601449275362318
1.1144007337899418,25.758470342337343,70.07937940811372,0.7155797101449275
1.9457843983973482,13.902049610497002,83.53709647195635,0.552536231884058
1.5363910970770034,17.817220254977826,78.30595005428624,0.5108695652173912
1.261494595719285,17.45022109480942,80.7423554670688,0.5036231884057971
1.658894547404632,19.767369940236446,75.30984854263872,0.6557971014492754
3.640609425558546,16.21165462947613,78.44449294886441,0.4420289855072464
1.2636613742274003,20.90587793236027,75.07079450075803,0.5978260869565217
3.002439779628,18.67113161121578,77.08105320371962,0.6177536231884058
1.5903166333588075,24.026448198826024,72.67718554400523,0.5144927536231885
3.173473355411502,17.159052489384727,78.19847701783637,0.6213768115942029
0.8579231713641148,11.660602709676542,86.2903922262074,0.5398550724637681
1.4302099722422361,15.104043583696686,82.79963629224176,0.5036231884057971
2.1531318905570767,32.56792930586719,64.10378037855419,0.483695652173913
4.256102313475654,17.125609945207206,77.34555469224182,0.5905797101449275
2.7910117423159746,19.620671118845813,76.01523837664782,0.3913043478260869
0.9932139743708246,34.76055745317146,62.772011455375655,0.576086956521739
1.036435466089835,17.75257144077085,79.95389775090592,0.49818840579710144
1.1427047455596482,15.751692588670648,81.86993213127795,0.5344202898550725
2.291326700095669,19.30760710153099,74.46482582854338,0.41123188405797106
1.9291047187700094,22.439198296856677,72.05385915249649,0.5507246376811593
4.795300453074777,27.884364221841146,66.01589678952121,0.5615942028985507
4.664369338876633,21.47922886066205,73.09923967420258,0.4909420289855073
1.2747654995546187,17.78381887940057,76.64274031085996,0.5905797101449275
1.7127829182429537,23.570266801357057,71.6642742405718,0.5615942028985507
0.9297803158491463,15.908592260680262,81.18428592004454,0.5398550724637681
2.9579515205315317,19.863884892433468,74.30176386751205,0.4384057971014492
2.723056174123072,16.127203817774475,74.4347355871107,0.6431159420289855
2.4686588569637733,17.17797783683143,78.76131117871341,0.43659420289855083
3.625689047477529,17.896409913482376,75.82718950565646,0.5271739130434783
1.6887715774110275,20.333629213368738,77.03107998747511,0.483695652173913
3.0030618591520604,18.66804621425051,76.99044289577942,0.5760869565217391
3.265324004149453,22.339674595973566,68.27535297758837,0.5978260869565217
1.4370429236133777,23.530297271963022,71.47252541755019,0.6920289855072463
2.645786661284029,24.44521887579785,69.75031424760442,0.4528985507246377
0.603359600211757,18.98069423522431,78.79418224151709,0.6032608695652174
3.244610891197958,20.21801422826797,72.3712327164247,0.48007246376811596
2.3439601546655906,18.764420406301717,78.25427232556599,0.42391304347826086
1.85619758940412,33.928627258605204,63.39442351277265,0.5054347826086957
5.470113246904883,14.993462250707795,75.35731844792728,0.6177536231884058
2.944924534424944,15.661259295298615,77.81194012786378,0.5869565217391304
2.0085556430476905,17.74864658945312,77.51908039656496,0.6159420289855072
1.7590744822203348,17.867709933365365,79.1113415485199,0.5579710144927537
2.4693795969981633,23.00294158996644,73.37907623123905,0.5652173913043478
2.1458586864287414,20.535013072979794,76.4464999021936,0.447463768115942
2.1549516886856512,20.68167566534691,75.63353255123522,0.5344202898550725
6.571384459464821,16.84199046278835,72.73897099392659,0.47101449275362317
2.345813391243065,17.90811344262801,77.119066557601,0.5942028985507246
2.5056070302153346,28.518104100534526,67.4694331863219,0.4293478260869565
0.6923763442984573,22.467540864193417,72.68062556692078,0.588768115942029
1.2640493761185372,16.849323754194646,81.34809269586925,0.605072463768116
3.475637701797143,21.04076314385849,73.15506303158053,0.6195652173913043
1.6174657843127955,10.726706046317702,85.59204056735393,0.4818840579710145
1.5429655693125388,23.13778624918199,74.0866145454267,0.5434782608695652
1.0344446222071682,17.783407669740626,79.68216557417712,0.5253623188405797
4.035196094708247,15.232485951717958,78.91411907762492,0.552536231884058
4.247877530883982,11.932322921621404,82.67134875247649,0.5634057971014493
2.2195313497693654,25.312839747410475,69.57033597805471,0.5579710144927537
3.0970780268731923,19.092004177496143,76.12838638765409,0.5597826086956521
1.981564859442296,15.71377558673811,80.78525179214587,0.552536231884058
1.867296432909244,23.416402751927194,71.40418440680227,0.5652173913043479
2.447585537551442,22.316179341036126,72.62133303074006,0.6195652173913044
1.5893927279760083,23.21591443176592,73.12762205351001,0.6413043478260869
3.740165266074871,17.42102948889586,75.74489357851002,0.49818840579710144
2.301251540010864,30.712305754535446,65.09665077926535,0.5978260869565217
1.2888280643419312,17.57251419269418,78.10859032081098,0.5036231884057971
0.8676604954717403,21.012611976649527,73.33785141357029,0.6394927536231884
4.452969014274429,22.07787144326723,65.90255847260795,0.6902173913043479
1.3943552286629388,14.819778818165267,81.39817482852975,0.5778985507246377
2.1164976921751135,14.542004405783294,81.04270386841245,0.43115942028985504
0.6521461293318905,13.408330647801101,84.54949623203757,0.6195652173913044
2.7844112129366017,16.702632645617975,76.9010024045785,0.4329710144927536
3.5069758076886983,22.64434867458964,72.76737712376317,0.5416666666666666
2.451383092711181,21.254520629908118,73.30463939289405,0.5434782608695652
1.4029154380671556,13.22460829419327,84.27057511767961,0.5253623188405797
1.0819285028256838,26.70451409716627,70.83006227151334,0.4547101449275362
3.811953399021648,15.555056297579545,77.63536394712705,0.519927536231884
2.5600722403814755,16.953759999035,79.22247241978265,0.5561594202898551
2.151880277910913,13.686314342853622,80.16897157232206,0.41123188405797095
3.4087665584875504,15.980071241705105,77.35938242359953,0.5507246376811594
2.6167930307514964,15.521871410927538,79.32848001686934,0.4438405797101449
0.8899266344380908,17.159632279796355,80.92676999102008,0.5036231884057971
2.3641068393475626,27.17100334458406,69.30381039767637,0.5235507246376812
1.7633228354671657,18.267765431802648,78.47731385531908,0.5452898550724637
2.661024737587182,15.306892840023393,75.94079470987839,0.5634057971014492
1.6962784616918278,19.975686988483016,76.72590508380819,0.4981884057971015
1.1234967778543052,15.703822093386407,77.53394078584425,0.6394927536231884
2.4648778500741395,21.24587123435118,73.96560260711284,0.5833333333333334
3.084255358937717,16.093673843292635,78.51311147467018,0.4311594202898551
2.799065096408613,18.505839035068053,75.7870413090415,0.5452898550724639
3.618456309690448,23.48715095773826,71.84610796933032,0.5942028985507246
2.037608029195806,24.032145467565083,72.25643701863358,0.5688405797101449
